{"endDateTime":"Jun 18, 2018 11:04:36 PM","id":1529373823048,"sent":false,"startDateTime":"Jun 18, 2018 11:03:43 PM","steps":[{"insertedText":"muest","stepId":1,"type":"TextStep"},{"stepId":2,"type":"InformationStep"},{"selected_time":"Dec 31, 2 11:50:00 PM","stepId":3,"type":"TimeStep"},{"route":[{"mAccuracy":20.0,"mAltitude":0.0,"mBearing":0.0,"mElapsedRealtimeNanos":792360130832,"mExtras":{"mFlags":1537,"mParcelledData":{"mNativePtr":-1801984192,"mNativeSize":0,"mOwnsNativeParcelObject":true}},"mFieldsMask":9,"mLatitude":37.4219983,"mLongitude":-122.084,"mProvider":"fused","mSpeed":0.0,"mTime":1528358644000},{"mAccuracy":20.0,"mAltitude":0.0,"mBearing":0.0,"mElapsedRealtimeNanos":7923601730832,"mExtras":{"mFlags":1537,"mParcelledData":{"mNativePtr":-1801982528,"mNativeSize":0,"mOwnsNativeParcelObject":true}},"mFieldsMask":9,"mLatitude":37.4219983,"mLongitude":-122.084,"mProvider":"fused","mSpeed":0.0,"mTime":1528358644000},{"mAccuracy":23.43,"mAltitude":0.0,"mBearing":0.0,"mElapsedRealtimeNanos":7933767863742,"mExtras":{"mFlags":1537,"mParcelledData":{"mNativePtr":-1840690304,"mNativeSize":0,"mOwnsNativeParcelObject":true}},"mFieldsMask":9,"mLatitude":37.4219983,"mLongitude":-122.084,"mProvider":"fused","mSpeed":0.0,"mTime":1528358654000},{"mAccuracy":23.427,"mAltitude":0.0,"mBearing":0.0,"mElapsedRealtimeNanos":7943602213082,"mExtras":{"mFlags":1537,"mParcelledData":{"mNativePtr":-2043583744,"mNativeSize":0,"mOwnsNativeParcelObject":true}},"mFieldsMask":9,"mLatitude":37.4219983,"mLongitude":-122.084,"mProvider":"fused","mSpeed":0.0,"mTime":1528358664000},{"mAccuracy":23.429,"mAltitude":0.0,"mBearing":0.0,"mElapsedRealtimeNanos":7953602396762,"mExtras":{"mFlags":1537,"mParcelledData":{"mNativePtr":-2064201152,"mNativeSize":0,"mOwnsNativeParcelObject":true}},"mFieldsMask":9,"mLatitude":37.4219983,"mLongitude":-122.084,"mProvider":"fused","mSpeed":0.0,"mTime":1528358674000}],"stepId":4,"type":"RouteStep"},{"soundFileName":"1529373854367.mp4","stepId":5,"type":"SoundRecordStep"},{"selectedOptions":[{"id":1,"textToShow":"textoo"},{"id":2,"textToShow":"textooo2"}],"stepId":6,"type":"SelectMultipleStep"},{"selectedOption":{"id":2,"nextStepId":8,"textToShow":"textooo2"},"stepId":7,"type":"SelectOneStep"},{"imageFileName":"1529373869266.jpg","stepId":8,"type":"PhotoStep"},{"latitude":37.4219983,"longitude":-122.084,"stepId":9,"type":"LocationStep"}]}
